{
    "Float": {
        "_Metallic": 0,
        "_Smoothness": 0,
        "colossal_DecalLayerMask": 36,
        "_NormalOpacity": 2,
        "_MetallicOpacity": 0,
        "UiPriority": 1980100
    },
    "Vector": {
        "colossal_MeshSize": {
            "x": 2.82,
            "y": 0.5,
            "z": 2.134,
            "w": 0
        },
        "colossal_TextureArea": {
            "x": 0,
            "y": 0,
            "z": 1,
            "w": 1
        }
    }
}