{
    "Float": {
        "_Metallic": 0,
        "_Smoothness": 0,
        "colossal_DecalLayerMask": 36,
        "_NormalOpacity": 2,
        "_MetallicOpacity": 0,
        "UiPriority": 99999999
    },
    "Vector": {
        "colossal_MeshSize": {
            "x": 3.24,
            "y": 0.0025,
            "z": 1.46,
            "w": 0
        },
        "colossal_TextureArea": {
            "x": 0,
            "y": 0,
            "z": 1,
            "w": 1
        }
    }
}